<?xml version="1.0" encoding="UTF-8"?>
<!-- This file was auto-generated from WSDL -->
<!-- by the Apache Axis2 version: 1.5  Built on : Apr 30, 2009 (06:07:24 EDT) -->
<serviceGroup>
    <service name="CreditRatingService">
        <module ref="rampart"/>
        <wsp:Policy wsu:Id="UTOverTransport"
                    xmlns:wsu="http://docs.oasis-open.org/wss/2004/01/oasis-200401-wss-wssecurity-utility-1.0.xsd"
                    xmlns:wsp="http://schemas.xmlsoap.org/ws/2004/09/policy">
            <wsp:ExactlyOne>
                <wsp:All>
                    <sp:SupportingTokens xmlns:sp="http://schemas.xmlsoap.org/ws/2005/07/securitypolicy">
                        <wsp:Policy>
                            <sp:UsernameToken
                                    sp:IncludeToken="http://schemas.xmlsoap.org/ws/2005/07/securitypolicy/IncludeToken/AlwaysToRecipient"/>
                        </wsp:Policy>
                    </sp:SupportingTokens>

                    <ramp:RampartConfig xmlns:ramp="http://ws.apache.org/rampart/policy">
                        <ramp:user>alice</ramp:user>
                        <ramp:passwordCallbackClass>org.wso2.bps.samples.util.PWCBHandler
                        </ramp:passwordCallbackClass>
                    </ramp:RampartConfig>
                </wsp:All>
            </wsp:ExactlyOne>
        </wsp:Policy>
    </service>
</serviceGroup>