<?xml version="1.0" encoding="UTF-8"?>
<messageStore xmlns="http://ws.apache.org/ns/synapse"
              class="org.wso2.carbon.message.store.persistence.jms.JMSMessageStore"
              name="JMSMS">
   <parameter name="java.naming.factory.initial">org.apache.activemq.jndi.ActiveMQInitialContextFactory</parameter>
   <parameter name="store.jms.cache.connection">false</parameter>
   <parameter name="java.naming.provider.url">tcp://localhost:61616</parameter>
   <parameter name="store.jms.JMSSpecVersion">1.1</parameter>
</messageStore>
