<?xml version="1.0" encoding="UTF-8"?>
<Request
      xmlns="urn:oasis:names:tc:xacml:2.0:context:schema:os"
      xmlns:xsi="http://www.w3.org/2001/XMLSchema-instance"
      xsi:schemaLocation="urn:oasis:names:tc:xacml:2.0:context:schema:os
        access_control-xacml-2.0-context-schema-os.xsd">
    <Subject>
        <Attribute
              AttributeId="urn:oasis:names:tc:xacml:1.0:subject:subject-id"
              DataType="http://www.w3.org/2001/XMLSchema#string">
            <AttributeValue>Julius Hibbert</AttributeValue>
        </Attribute>
        <Attribute
              AttributeId="urn:oasis:names:tc:xacml:2.0:conformance-test:licensed-on"
              DataType="http://www.w3.org/2001/XMLSchema#date">
            <AttributeValue>2002-03-21</AttributeValue>
        </Attribute>
    </Subject>
    <Resource>
        <Attribute
              AttributeId="urn:oasis:names:tc:xacml:1.0:resource:resource-id"
              DataType="http://www.w3.org/2001/XMLSchema#anyURI">
            <AttributeValue>http://medico.com/record/patient/BartSimpson</AttributeValue>
        </Attribute>
    </Resource>
    <Action>
        <Attribute
              AttributeId="urn:oasis:names:tc:xacml:1.0:action:action-id"
              DataType="http://www.w3.org/2001/XMLSchema#string">
            <AttributeValue>read</AttributeValue>
        </Attribute>
    </Action>
    <Environment>
        <Attribute
              AttributeId="urn:oasis:names:tc:xacml:2.0:conformance-test:bart-simpson-age"
              DataType="http://www.w3.org/2001/XMLSchema#integer">
            <AttributeValue>10</AttributeValue>
        </Attribute>
    </Environment>
</Request>
