<?xml version="1.0" encoding="UTF-8"?>
<Policy
      xmlns="urn:oasis:names:tc:xacml:2.0:policy:schema:os"
      xmlns:xsi="http://www.w3.org/2001/XMLSchema-instance"
      xsi:schemaLocation="urn:oasis:names:tc:xacml:2.0:policy:schema:os
        access_control-xacml-2.0-policy-schema-os.xsd"
      PolicyId="urn:oasis:names:tc:xacml:2.0:conformance-test:IIC081:policy"
      RuleCombiningAlgId="urn:oasis:names:tc:xacml:1.0:rule-combining-algorithm:deny-overrides">
    <Description>
        Policy for Conformance Test IIC081.
    </Description>
    <Target/>
    <Rule
          RuleId="urn:oasis:names:tc:xacml:2.0:conformance-test:IIC081:rule"
          Effect="Permit">
        <Description>
            A subject licensed on or after 2002-03-22 at 8:23:47
            may perform any action on any resource.
        </Description>
        <Condition>
<Apply FunctionId="urn:oasis:names:tc:xacml:1.0:function:dateTime-greater-than-or-equal">
            <Apply FunctionId="urn:oasis:names:tc:xacml:1.0:function:dateTime-one-and-only">
                <SubjectAttributeDesignator
                      AttributeId="urn:oasis:names:tc:xacml:2.0:conformance-test:licensed-on"
                      DataType="http://www.w3.org/2001/XMLSchema#dateTime"/>
            </Apply>
            <AttributeValue
                  DataType="http://www.w3.org/2001/XMLSchema#dateTime">2002-03-22T08:23:47-05:00</AttributeValue>
        
</Apply></Condition>
    </Rule>
</Policy>
