<?xml version="1.0" encoding="UTF-8"?>
<Policy
      xmlns="urn:oasis:names:tc:xacml:2.0:policy:schema:os"
      xmlns:xsi="http://www.w3.org/2001/XMLSchema-instance"
      xsi:schemaLocation="urn:oasis:names:tc:xacml:2.0:policy:schema:os
        access_control-xacml-2.0-policy-schema-os.xsd"
      PolicyId="urn:oasis:names:tc:xacml:2.0:conformance-test:IIC095:policy"
      RuleCombiningAlgId="urn:oasis:names:tc:xacml:1.0:rule-combining-algorithm:deny-overrides">
    <Description>
        Policy for Conformance Test IIC095.
    </Description>
    <Target/>
    <Rule
          RuleId="urn:oasis:names:tc:xacml:2.0:conformance-test:IIC095:rule"
          Effect="Permit">
        <Description>
            A subject who has at least two of the required
            attributes may perform any action on any resource.
        </Description>
        <Condition>
<Apply FunctionId="urn:oasis:names:tc:xacml:1.0:function:n-of">
            <AttributeValue
                  DataType="http://www.w3.org/2001/XMLSchema#integer">2</AttributeValue>
            <Apply FunctionId="urn:oasis:names:tc:xacml:1.0:function:integer-greater-than-or-equal">
                <Apply FunctionId="urn:oasis:names:tc:xacml:1.0:function:integer-one-and-only">
                    <SubjectAttributeDesignator
                          AttributeId="urn:oasis:names:tc:xacml:2.0:conformance-test:age"
                          DataType="http://www.w3.org/2001/XMLSchema#integer"/>
                </Apply>
                <AttributeValue
                      DataType="http://www.w3.org/2001/XMLSchema#integer">45</AttributeValue>
            </Apply>
            <Apply FunctionId="urn:oasis:names:tc:xacml:1.0:function:string-equal">
                <Apply FunctionId="urn:oasis:names:tc:xacml:1.0:function:string-one-and-only">
                    <SubjectAttributeDesignator
                          AttributeId="urn:oasis:names:tc:xacml:1.0:subject:subject-id"
                          DataType="http://www.w3.org/2001/XMLSchema#string"/>
                </Apply>
                <AttributeValue
                      DataType="http://www.w3.org/2001/XMLSchema#string">Bart Simpson</AttributeValue>
            </Apply>
            <Apply FunctionId="urn:oasis:names:tc:xacml:1.0:function:string-equal">
                <Apply FunctionId="urn:oasis:names:tc:xacml:1.0:function:string-one-and-only">
                    <SubjectAttributeDesignator
                          AttributeId="urn:oasis:names:tc:xacml:1.0:subject:subject-id"
                          DataType="http://www.w3.org/2001/XMLSchema#string"/>
                </Apply>
                <AttributeValue
                      DataType="http://www.w3.org/2001/XMLSchema#string">Marge Simpson</AttributeValue>
            </Apply>
        
</Apply></Condition>
    </Rule>
</Policy>
