<?xml version="1.0" encoding="UTF-8"?>
<Policy
      xmlns="urn:oasis:names:tc:xacml:2.0:policy:schema:os"
      xmlns:xsi="http://www.w3.org/2001/XMLSchema-instance"
      xsi:schemaLocation="urn:oasis:names:tc:xacml:2.0:policy:schema:os
        access_control-xacml-2.0-policy-schema-os.xsd"
      PolicyId="urn:oasis:names:tc:xacml:2.0:conformance-test:IIC050:policy"
      RuleCombiningAlgId="urn:oasis:names:tc:xacml:1.0:rule-combining-algorithm:deny-overrides">
    <Description>
        Policy for Conformance Test IIC050.
    </Description>
    <Target/>
    <Rule
          RuleId="urn:oasis:names:tc:xacml:2.0:conformance-test:IIC050:rule"
          Effect="Permit">
        <Description>
            A subject whose key is the specified value may perform any
            action on any resource.
        </Description>
        <Condition>
<Apply FunctionId="urn:oasis:names:tc:xacml:1.0:function:base64Binary-equal">
            <Apply FunctionId="urn:oasis:names:tc:xacml:1.0:function:base64Binary-one-and-only">
                <SubjectAttributeDesignator
                      AttributeId="urn:oasis:names:tc:xacml:2.0:conformance-test:key"
                      DataType="http://www.w3.org/2001/XMLSchema#base64Binary"/>
            </Apply>
            <AttributeValue
                  DataType="http://www.w3.org/2001/XMLSchema#base64Binary">BQADgY0AMIGJAoGBAK/yHi+g4nRQ3qKrCZGRYY2feUmVrM0QKOzAdrVnP7vhjamt6oDi2mX00w2L</AttributeValue>
        
</Apply></Condition>
    </Rule>
</Policy>
