<?xml version="1.0" encoding="UTF-8"?>
<Policy
      xmlns="urn:oasis:names:tc:xacml:2.0:policy:schema:os"
      xmlns:xsi="http://www.w3.org/2001/XMLSchema-instance"
      xsi:schemaLocation="urn:oasis:names:tc:xacml:2.0:policy:schema:os
        access_control-xacml-2.0-policy-schema-os.xsd"
      PolicyId="urn:oasis:names:tc:xacml:2.0:conformance-test:IIC083:policy"
      RuleCombiningAlgId="urn:oasis:names:tc:xacml:1.0:rule-combining-algorithm:deny-overrides">
    <Description>
        Policy for Conformance Test IIC083.
    </Description>
    <Target/>
    <Rule
          RuleId="urn:oasis:names:tc:xacml:2.0:conformance-test:IIC083:rule"
          Effect="Permit">
        <Description>
            Julius Hibbert can perform any action on any resource.
        </Description>
        <Condition>
<Apply FunctionId="urn:oasis:names:tc:xacml:1.0:function:rfc822Name-match">
            <AttributeValue
                  DataType="http://www.w3.org/2001/XMLSchema#string">hibbert@medico.com</AttributeValue>
            <Apply FunctionId="urn:oasis:names:tc:xacml:1.0:function:rfc822Name-one-and-only">
                <SubjectAttributeDesignator
                      AttributeId="urn:oasis:names:tc:xacml:1.0:subject:subject-id"
                      DataType="urn:oasis:names:tc:xacml:1.0:data-type:rfc822Name"/>
            </Apply>
        
</Apply></Condition>
    </Rule>
</Policy>
