<?xml version="1.0" encoding="UTF-8"?>
<Policy
      xmlns="urn:oasis:names:tc:xacml:2.0:policy:schema:os"
      xmlns:xsi="http://www.w3.org/2001/XMLSchema-instance"
      xsi:schemaLocation="urn:oasis:names:tc:xacml:2.0:policy:schema:os
        access_control-xacml-2.0-policy-schema-os.xsd"
      PolicyId="urn:oasis:names:tc:xacml:2.0:conformance-test:IIC053:policy"
      RuleCombiningAlgId="urn:oasis:names:tc:xacml:1.0:rule-combining-algorithm:deny-overrides">
    <Description>
        Policy for Conformance Test IIC053.
    </Description>
    <Target/>
    <Rule
          RuleId="urn:oasis:names:tc:xacml:2.0:conformance-test:IIC053:rule"
          Effect="Permit">
        <Description>
            Any subject may perform any action on Bart Simpson's
            medical record.
        </Description>
        <Condition>
<Apply FunctionId="urn:oasis:names:tc:xacml:1.0:function:anyURI-equal">
            <Apply FunctionId="urn:oasis:names:tc:xacml:1.0:function:anyURI-one-and-only">
                <ResourceAttributeDesignator
                      AttributeId="urn:oasis:names:tc:xacml:1.0:resource:resource-id"
                      DataType="http://www.w3.org/2001/XMLSchema#anyURI"/>
            </Apply>
            <AttributeValue
                  DataType="http://www.w3.org/2001/XMLSchema#anyURI">http://medico.com/record/patient/BartSimpson</AttributeValue>
        
</Apply></Condition>
    </Rule>
</Policy>
