<?xml version="1.0" encoding="UTF-8"?>
<Policy
      xmlns="urn:oasis:names:tc:xacml:2.0:policy:schema:os"
      xmlns:xsi="http://www.w3.org/2001/XMLSchema-instance"
      xsi:schemaLocation="urn:oasis:names:tc:xacml:2.0:policy:schema:os
        access_control-xacml-2.0-policy-schema-os.xsd"
      PolicyId="urn:oasis:names:tc:xacml:2.0:conformance-test:IIC084:policy"
      RuleCombiningAlgId="urn:oasis:names:tc:xacml:1.0:rule-combining-algorithm:deny-overrides">
    <Description>
        Policy for Conformance Test IIC084.
    </Description>
    <Target/>
    <Rule
          RuleId="urn:oasis:names:tc:xacml:2.0:conformance-test:IIC084:rule"
          Effect="Permit">
        <Description>
            Anyone at Medico Corp can perform any action on any resource.
        </Description>
        <Condition>
<Apply FunctionId="urn:oasis:names:tc:xacml:1.0:function:x500Name-match">
            <AttributeValue
                  DataType="urn:oasis:names:tc:xacml:1.0:data-type:x500Name">O=Medico Corp,C=US</AttributeValue>
            <Apply FunctionId="urn:oasis:names:tc:xacml:1.0:function:x500Name-one-and-only">
                <SubjectAttributeDesignator
                      AttributeId="urn:oasis:names:tc:xacml:1.0:subject:subject-id"
                          DataType="urn:oasis:names:tc:xacml:1.0:data-type:x500Name"/>
            </Apply>
        
</Apply></Condition>
    </Rule>
</Policy>
