<!--
  ~ Licensed to the Apache Software Foundation (ASF) under one
  ~ or more contributor license agreements.  See the NOTICE file
  ~ distributed with this work for additional information
  ~ regarding copyright ownership.  The ASF licenses this file
  ~ to you under the Apache License, Version 2.0 (the
  ~ "License"); you may not use this file except in compliance
  ~ with the License.  You may obtain a copy of the License at
  ~
  ~    http://www.apache.org/licenses/LICENSE-2.0
  ~
  ~ Unless required by applicable law or agreed to in writing,
  ~ software distributed under the License is distributed on an
  ~ "AS IS" BASIS, WITHOUT WARRANTIES OR CONDITIONS OF ANY
  ~ KIND, either express or implied.  See the License for the
  ~ specific language governing permissions and limitations
  ~ under the License.
  -->
<deploy xmlns="http://www.apache.org/ode/schemas/dd/2007/03"
	xmlns:pns="http://ode/bpel/unit-test" 
	xmlns:hell2="http://www.wso2.org/types"
	xmlns:wns="http://ode/bpel/unit-test.wsdl">


	<process name="pns:HelloWorld">
		<!--in-memory>true</in-memory-->
		<process-events>
      <!--enable-event>dataHandling</enable-event>
      <enable-event>correlation</enable-event>
	<enable-event>Scope Handling</enable-event>
      <enable-event>Activity Life Cycle</enable-event>
	<enable-event>dataHandling</enable-event>
      <enable-event>correlation</enable-event-->>
 </process-events>
		<!--retired>true</retired-->
		<active>true</active>
		<invoke partnerLink="hello2PartnerLink">
			<service name="hell2:HelloService" port="HelloServiceHttpSoap11Endpoint">
				 <endpoint xmlns="http://wso2.org/bps/bpel/endpoint/config">
            <httpOptions>
                <connection-timeout value="40"/>
                
            </httpOptions>
        </endpoint> 
			</service>
		</invoke>
		<provide partnerLink="helloPartnerLink">
			<service name="wns:HelloService" port="HelloPort">
<endpoint xmlns="http://wso2.org/bps/bpel/endpoint/config">
            <httpOptions>
                <connection-timeout value="40"/>
                
            </httpOptions>
        </endpoint> 
	</service>
		</provide>

	<!--cleanup on="success"/-->

	</process>
</deploy>
