<definitions xmlns="http://ws.apache.org/ns/synapse">
    <registry provider="org.wso2.carbon.mediation.registry.WSO2Registry">
        <parameter name="cachableDuration">15000</parameter>
    </registry>
    <proxy name="oauth_proxy" statistics="disable" trace="disable" transports="https http">
        <target>
            <inSequence>
                <oauthService remoteServiceUrl="https://localhost:9443/services/"/>
            </inSequence>
            <endpoint>
                <address statistics="disable" trace="disable" uri="http://localhost:8280/services/echo">
                    <timeout>
                        <duration>0</duration>
                        <action>discard</action>
                    </timeout>
                    <markForSuspension>
                        <retriesBeforeSuspension>0</retriesBeforeSuspension>
                        <retryDelay>0</retryDelay>
                    </markForSuspension>
                    <suspendOnFailure>
                        <initialDuration>0</initialDuration>
                        <maximumDuration>0</maximumDuration>
                        <progressionFactor>1.0</progressionFactor>
                    </suspendOnFailure>
                </address>
            </endpoint>
            <outSequence>
                <send/>
            </outSequence>
        </target>
    </proxy>
    <sequence name="fault">
        <log category="INFO" level="full" separator=",">
            <property name="MESSAGE" value="Executing default 'fault' sequence"/>
            <property expression="get-property('ERROR_CODE')" name="ERROR_CODE"/>
            <property expression="get-property('ERROR_MESSAGE')" name="ERROR_MESSAGE"/>
        </log>
        <drop/>
    </sequence>
    <sequence name="main">
        <log category="INFO" level="full" separator=","/>
        <drop/>
    </sequence>
</definitions>
