<?xml version="1.0" encoding="UTF-8"?>
<!-- This file was auto-generated from WSDL -->
<!-- by the Apache Axis2 version: 1.5  Built on : Apr 30, 2009 (06:07:24 EDT) -->
<serviceGroup>
    <service name="CreditRatingService">
        <module ref="rampart"/>
        <wsp:Policy wsu:Id="UTOverTransport"
                    xmlns:wsu="http://docs.oasis-open.org/wss/2004/01/oasis-200401-wss-wssecurity-utility-1.0.xsd"
                    xmlns:wsp="http://schemas.xmlsoap.org/ws/2004/09/policy">
            <wsp:ExactlyOne>
                <wsp:All>
                    <sp:SupportingTokens xmlns:sp="http://schemas.xmlsoap.org/ws/2005/07/securitypolicy">
<wsp:Policy wsu:Id="SigOnly"
            xmlns:wsu="http://docs.oasis-open.org/wss/2004/01/oasis-200401-wss-wssecurity-utility-1.0.xsd"
            xmlns:wsp="http://schemas.xmlsoap.org/ws/2004/09/policy">
    <wsp:ExactlyOne>
        <wsp:All>
            <sp:AsymmetricBinding xmlns:sp="http://schemas.xmlsoap.org/ws/2005/07/securitypolicy">
                <wsp:Policy>
                    <sp:InitiatorToken>
                        <wsp:Policy>
                            <sp:X509Token
                                    sp:IncludeToken="http://schemas.xmlsoap.org/ws/2005/07/securitypolicy/IncludeToken/AlwaysToRecipient">
                                <wsp:Policy>
 					<sp:RequireThumbprintReference/> 
					<sp:WssX509V3Token10/>
                                    <!-- sp:WssX509V3Token10/ -->
                                </wsp:Policy>
                            </sp:X509Token>
                        </wsp:Policy>
                    </sp:InitiatorToken>
                    <sp:RecipientToken>
                        <wsp:Policy>
                            <sp:X509Token
                                    sp:IncludeToken="http://schemas.xmlsoap.org/ws/2005/07/securitypolicy/IncludeToken/Never">
                                <wsp:Policy>
					<sp:RequireThumbprintReference/> 
					<sp:WssX509V3Token10/>
                                    <!-- sp:WssX509V3Token10/ -->
                                </wsp:Policy>
                            </sp:X509Token>
                        </wsp:Policy>
                    </sp:RecipientToken>
                    <sp:AlgorithmSuite>
                        <wsp:Policy>
                            <sp:Basic256/>
                        </wsp:Policy>
                    </sp:AlgorithmSuite>
                    <sp:Layout>
                        <wsp:Policy>
                            <sp:Strict/>
                        </wsp:Policy>
                    </sp:Layout>
                    <sp:IncludeTimestamp/>
                    <sp:OnlySignEntireHeadersAndBody/>
                </wsp:Policy>

            </sp:AsymmetricBinding>
            <sp:Wss10 xmlns:sp="http://schemas.xmlsoap.org/ws/2005/07/securitypolicy">
                <wsp:Policy>
                    <sp:MustSupportRefKeyIdentifier/>
                    <sp:MustSupportRefIssuerSerial/>
                </wsp:Policy>
            </sp:Wss10>
            <sp:SignedParts xmlns:sp="http://schemas.xmlsoap.org/ws/2005/07/securitypolicy">
                <sp:Body/>
            </sp:SignedParts>
        </wsp:All>
    </wsp:ExactlyOne>
</wsp:Policy>
    </service>
</serviceGroup>
