<?xml version="1.0" encoding="UTF-8"?>
<proxy xmlns="http://ws.apache.org/ns/synapse"
       name="HL7Store"
       transports="hl7"
       startOnLoad="true"
       trace="enable"
       statistics="enable">
   <description/>
   <target>
      <inSequence>
         <property name="HL7_RESULT_MODE" value="ACK" scope="axis2"/>
         <log level="full"/>
         <property name="messageType" value="application/edi-hl7" scope="axis2"/>
         <clone>
            <target sequence="StoreInJDBCSequence"/>
            <target sequence="SendSequence"/>
         </clone>
      </inSequence>
   </target>
   <parameter name="transport.hl7.AutoAck">false</parameter>
   <parameter name="transport.hl7.BuildInvalidMessages">true</parameter>
   <parameter name="transport.hl7.corePoolSize">10</parameter>
   <parameter name="transport.hl7.PassThroughInvalidMessages">false</parameter>
   <parameter name="transport.hl7.Port">55555</parameter>
   <parameter name="transport.hl7.ValidateMessage">false</parameter>
</proxy>
