<?xml version="1.0" encoding="UTF-8"?>
<!DOCTYPE tiles-definitions PUBLIC
	"-//Apache Software Foundation//DTD Tiles Configuration 2.1//EN"
	"http://tiles.apache.org/dtds/tiles-config_2_1.dtd">
	
<tiles-definitions>
	
	<definition name="intro" extends="standardLayout">
		<put-attribute name="body" value="/intro.html :: content" type="thymeleaf"/>
	</definition>
	
	<definition name="login" extends="standardLayout">
		<put-attribute name="body" value="/login.html :: content" type="thymeleaf"/>
	</definition>
	
	<definition name="logoutSuccess" extends="standardLayout">
		<put-attribute name="body" value="/logoutSuccess.html :: content" type="thymeleaf"/>
	</definition>
	
</tiles-definitions>
