<?xml version="1.0" encoding="UTF-8"?>
<proxy xmlns="http://ws.apache.org/ns/synapse" name="OrderProcessor" transports="https http vfs" startOnLoad="true" trace="disable">
    <target>
        <inSequence>
            <log level="full"/>
            <property name="OUT_ONLY" value="true"/>
            <clone continueParent="true" sequential="true">
                <target>
                    <sequence>
                        <iterate xmlns:sn="http://wso2.org/sample/shop/order" id="orderIterator" expression="//sn:AddOrder_batch_req/sn:AddOrder" sequential="true">
                            <target>
                                <sequence>
                                    <log level="full"/>
                                    <dblookup>
                                        <connection>
                                            <pool>
                                                <password>root</password>
                                                <user>root</user>
                                                <url>jdbc:mysql://localhost:3306/SHOP_DB</url>
                                                <driver>com.mysql.jdbc.Driver</driver>
                                            </pool>
                                        </connection>
                                        <statement>
                                            <sql>select EMAIL_C,NAME_C from CUSTOMER_T where CUSTOMER_ID_C = ?</sql>
                                            <parameter expression="//sn:AddOrder/sn:customerID" type="VARCHAR"/>
                                            <result name="email" column="EMAIL_C"/>
                                            <result name="name" column="NAME_C"/>
                                        </statement>
                                    </dblookup>
                                    <log level="custom">
                                        <property name="email" expression="get-property('email')"/>
                                        <property name="name" expression="get-property('name')"/>
                                    </log>
                                    <xslt key="orderTransformer">
                                        <property name="email" expression="get-property('email')"/>
                                        <property name="name" expression="get-property('name')"/>
                                    </xslt>
                                    <log level="full"/>
                                    <property name="messageType" value="text/csv" scope="axis2"/>
                                    <header name="To" expression="fn:concat('mailto:', get-property('email'))"/>
                                    <send/>
                                </sequence>
                            </target>
                        </iterate>
                    </sequence>
                </target>
            </clone>
            <log level="full"/>
            <property name="messageType" value="application/soap+xml" scope="axis2"/>
            <send>
                <endpoint>
                    <address uri="http://localhost:9764/services/OrderService"/>
                </endpoint>
            </send>
            <property name="FORCE_SC_ACCEPTED" value="true" scope="axis2"/>
        </inSequence>
    </target>
    <parameter name="transport.vfs.ActionAfterProcess">MOVE</parameter>
    <parameter name="transport.PollInterval">15</parameter>
    <parameter name="transport.vfs.MoveAfterProcess">file:///home/amila/work/articles/integrating_different_systems/sample/data/processed</parameter>
    <parameter name="transport.vfs.FileURI">file:///home/amila/work/articles/integrating_different_systems/sample/data</parameter>
    <parameter name="transport.vfs.MoveAfterFailure">file:///home/amila/work/articles/integrating_different_systems/sample/data/failure</parameter>
    <parameter name="transport.vfs.FileNamePattern">.*.txt</parameter>
    <parameter name="transport.vfs.ContentType">text/csv</parameter>
    <parameter name="transport.vfs.ActionAfterFailure">MOVE</parameter>
</proxy>
