<?xml version="1.0" encoding="UTF-8"?>
<localEntry xmlns="http://ws.apache.org/ns/synapse" key="orderTransformer">
    <xsl:stylesheet xmlns:xsl="http://www.w3.org/1999/XSL/Transform" xmlns:ns1="http://wso2.org/sample/shop/order" version="1.0">
        <xsl:output method="xml" omit-xml-declaration="yes"/>
        <xsl:param name="email"/>
        <xsl:param name="name"/>
        <xsl:template match="/">
            <xsl:apply-templates select="//ns1:AddOrder"/>
        </xsl:template>
        <xsl:template match="ns1:AddOrder">
            <ns1:AddOrder>
                <ns1:orderID>
                    <xsl:value-of select="//ns1:orderID/text()"/>
                </ns1:orderID>
                <ns1:customerID>
                    <xsl:value-of select="//ns1:customerID/text()"/>
                </ns1:customerID>
                <ns1:date>
                    <xsl:value-of select="//ns1:date/text()"/>
                </ns1:date>
                <ns1:price>
                    <xsl:value-of select="//ns1:price/text()"/>
                </ns1:price>
                <ns1:email>
                    <xsl:value-of select="$email"/>
                </ns1:email>
                <ns1:name>
                    <xsl:value-of select="$name"/>
                </ns1:name>
            </ns1:AddOrder>
        </xsl:template>
    </xsl:stylesheet>
</localEntry>
