<?xml version="1.0" encoding="UTF-8"?>
<!-- This file was auto-generated from WSDL -->
<!-- by the Apache Axis2 version: 1.5  Built on : Apr 30, 2009 (06:07:24 EDT) -->
<serviceGroup>
    <service name="CustomerInfoService">
        <messageReceivers>
            <messageReceiver mep="http://www.w3.org/ns/wsdl/in-out"
                             class="org.wso2.carbon.bpel.ode.integration.axis2.receivers.WSDLAwareMessageReceiver"/>
        </messageReceivers>
        <parameter name="modifyUserWSDLPortAddress">true</parameter>
        <operation name="getCustomerSSN" mep="http://www.w3.org/ns/wsdl/in-out"
                   namespace="http://wso2.org/bps/samples/CustomerInfo">
            <messageReceiver mep="http://www.w3.org/ns/wsdl/in-out"
                             class="org.wso2.carbon.bpel.ode.integration.axis2.receivers.WSDLAwareMessageReceiver"/>
            <actionMapping>http://wso2.org/bps/samples/CustomerInfo/CustomerInfoPortType/input</actionMapping>
            <outputActionMapping>http://wso2.org/bps/samples/CustomerInfo/CustomerInfoPortType/output
            </outputActionMapping>
        </operation>
        <module ref="rampart"/>
        <module ref="addressing"/>
 <wsp:Policy wsu:Id="SecConSgnEncrUsername" xmlns:wsp="http://schemas.xmlsoap.org/ws/2004/09/policy" xmlns:wsu="http://docs.oasis-open.org/wss/2004/01/oasis-200401-wss-wssecurity-utility-1.0.xsd">
  <wsp:ExactlyOne>
    <wsp:All>
      <sp:SymmetricBinding xmlns:sp="http://schemas.xmlsoap.org/ws/2005/07/securitypolicy">
        <wsp:Policy>
          <sp:ProtectionToken>
            <wsp:Policy>
              <sp:SecureConversationToken sp:IncludeToken="http://schemas.xmlsoap.org/ws/2005/07/securitypolicy/IncludeToken/AlwaysToRecipient">
                <wsp:Policy>
                  <sp:BootstrapPolicy>
                    <wsp:Policy>
                      <sp:SymmetricBinding>
                        <wsp:Policy>
                          <sp:ProtectionToken>
                            <wsp:Policy>
                              <sp:X509Token sp:IncludeToken="http://schemas.xmlsoap.org/ws/2005/07/securitypolicy/IncludeToken/Never">
                                <wsp:Policy>
                                  <sp:RequireThumbprintReference/>
                                  <sp:WssX509V3Token10/>
                                </wsp:Policy>
                              </sp:X509Token>
                            </wsp:Policy>
                          </sp:ProtectionToken>
                          <sp:AlgorithmSuite>
                            <wsp:Policy>
                              <sp:Basic256/>
                            </wsp:Policy>
                          </sp:AlgorithmSuite>
                          <sp:Layout>
                            <wsp:Policy>
                              <sp:Lax/>
                            </wsp:Policy>
                          </sp:Layout>
                          <sp:IncludeTimestamp/>
                          <sp:OnlySignEntireHeadersAndBody/>
                        </wsp:Policy>
                      </sp:SymmetricBinding>
                      <sp:SignedParts>
                        <sp:Body/>
                      </sp:SignedParts>
                      <sp:EncryptedParts>
                        <sp:Body/>
                      </sp:EncryptedParts>
                      <sp:SignedSupportingTokens>
                        <wsp:Policy>
                          <sp:UsernameToken sp:IncludeToken="http://schemas.xmlsoap.org/ws/2005/07/securitypolicy/IncludeToken/AlwaysToRecipient"/>
                        </wsp:Policy>
                      </sp:SignedSupportingTokens>
                      <sp:Wss11>
                        <sp:Policy>
                          <sp:MustSupportRefKeyIdentifier/>
                          <sp:MustSupportRefIssuerSerial/>
                          <sp:MustSupportRefThumbprint/>
                          <sp:RequireSignatureConfirmation/>
                        </sp:Policy>
                      </sp:Wss11>
                      <sp:Trust10>
                        <wsp:Policy>
                          <sp:RequireClientEntropy/>
                          <sp:RequireServerEntropy/>
                          <sp:MustSupportIssuedTokens/>
                        </wsp:Policy>
                      </sp:Trust10>
                    </wsp:Policy>
                  </sp:BootstrapPolicy>
                </wsp:Policy>
              </sp:SecureConversationToken>
            </wsp:Policy>
          </sp:ProtectionToken>
          <sp:AlgorithmSuite>
            <wsp:Policy>
              <sp:Basic256/>
            </wsp:Policy>
          </sp:AlgorithmSuite>
          <sp:Layout>
            <wsp:Policy>
              <sp:Lax/>
            </wsp:Policy>
          </sp:Layout>
          <sp:IncludeTimestamp/>
          <sp:OnlySignEntireHeadersAndBody/>
        </wsp:Policy>
      </sp:SymmetricBinding>
      <sp:SignedParts xmlns:sp="http://schemas.xmlsoap.org/ws/2005/07/securitypolicy">
        <sp:Body/>
      </sp:SignedParts>
      <sp:EncryptedParts xmlns:sp="http://schemas.xmlsoap.org/ws/2005/07/securitypolicy">
        <sp:Body/>
      </sp:EncryptedParts>
      <sp:Wss11 xmlns:sp="http://schemas.xmlsoap.org/ws/2005/07/securitypolicy">
        <sp:Policy>
          <sp:MustSupportRefKeyIdentifier/>
          <sp:MustSupportRefIssuerSerial/>
          <sp:MustSupportRefThumbprint/>
        </sp:Policy>
      </sp:Wss11>
      <sp:Trust10 xmlns:sp="http://schemas.xmlsoap.org/ws/2005/07/securitypolicy">
        <wsp:Policy>
          <sp:RequireClientEntropy/>
          <sp:RequireServerEntropy/>
          <sp:MustSupportIssuedTokens/>
        </wsp:Policy>
      </sp:Trust10>
      <rampart:RampartConfig xmlns:rampart="http://ws.apache.org/rampart/policy">
        <rampart:user>wso2carbon</rampart:user>
        <rampart:encryptionUser>useReqSigCert</rampart:encryptionUser>
        <rampart:timestampPrecisionInMilliseconds>true</rampart:timestampPrecisionInMilliseconds>
        <rampart:timestampTTL>300</rampart:timestampTTL>
        <rampart:timestampMaxSkew>300</rampart:timestampMaxSkew>
        <rampart:tokenStoreClass>org.wso2.carbon.security.util.SecurityTokenStore</rampart:tokenStoreClass>
        <rampart:encryptionCrypto>
          <rampart:crypto provider="org.wso2.carbon.security.util.ServerCrypto">
            <rampart:property name="org.wso2.carbon.security.crypto.alias">wso2carbon</rampart:property>
            <rampart:property name="org.wso2.carbon.security.crypto.privatestore">wso2carbon.jks</rampart:property>
            <rampart:property name="org.wso2.carbon.security.crypto.truststores">wso2carbon.jks,</rampart:property>
            <rampart:property name="rampart.config.user">wso2carbon</rampart:property>
          </rampart:crypto>
        </rampart:encryptionCrypto>
        <rampart:signatureCrypto>
          <rampart:crypto provider="org.wso2.carbon.security.util.ServerCrypto">
            <rampart:property name="org.wso2.carbon.security.crypto.alias">wso2carbon</rampart:property>
            <rampart:property name="org.wso2.carbon.security.crypto.privatestore">wso2carbon.jks</rampart:property>
            <rampart:property name="org.wso2.carbon.security.crypto.truststores">wso2carbon.jks,</rampart:property>
            <rampart:property name="rampart.config.user">wso2carbon</rampart:property>
          </rampart:crypto>
        </rampart:signatureCrypto>
      </rampart:RampartConfig>
    </wsp:All>
  </wsp:ExactlyOne>
</wsp:Policy>

    </service>
</serviceGroup>
