<?xml version="1.0" encoding="UTF-8"?>
<definitions xmlns="http://ws.apache.org/ns/synapse">
   <endpoint name="RealService">
      <address uri="http://localhost:9000/service/EchoService">
         <timeout>
            <duration>30000</duration>
            <responseAction>fault</responseAction>
         </timeout>
         <suspendOnFailure>
            <errorCodes>-1</errorCodes>
            <progressionFactor>1.0</progressionFactor>
         </suspendOnFailure>
         <markForSuspension>
            <errorCodes>-1</errorCodes>
         </markForSuspension>
      </address>
   </endpoint>
</definitions>
