<!--
  ~ Copyright 2005-2007 WSO2, Inc. (http://wso2.com)
  ~
  ~ Licensed under the Apache License, Version 2.0 (the "License");
  ~ you may not use this file except in compliance with the License.
  ~ You may obtain a copy of the License at
  ~
  ~ http://www.apache.org/licenses/LICENSE-2.0
  ~
  ~ Unless required by applicable law or agreed to in writing, software
  ~ distributed under the License is distributed on an "AS IS" BASIS,
  ~ WITHOUT WARRANTIES OR CONDITIONS OF ANY KIND, either express or implied.
  ~ See the License for the specific language governing permissions and
  ~ limitations under the License.
  -->

<wsp:Policy wsu:Id="IssuedTokenOverTransport_UsernameOverTransport_policy"
            xmlns:wsu="http://docs.oasis-open.org/wss/2004/01/oasis-200401-wss-wssecurity-utility-1.0.xsd"
            xmlns:wsp="http://schemas.xmlsoap.org/ws/2004/09/policy">
    <wsp:ExactlyOne>
        <wsp:All>
            <sp:TransportBinding xmlns:sp="http://schemas.xmlsoap.org/ws/2005/07/securitypolicy">
                <wsp:Policy>
                    <sp:TransportToken>
                        <wsp:Policy>
                            <sp:HttpsToken RequireClientCertificate="false"/>
                        </wsp:Policy>
                    </sp:TransportToken>
                    <sp:AlgorithmSuite>
                        <wsp:Policy>
                            <sp:Basic256/>
                        </wsp:Policy>
                    </sp:AlgorithmSuite>
                    <sp:Layout>
                        <wsp:Policy>
                            <sp:Lax/>
                        </wsp:Policy>
                    </sp:Layout>
                    <sp:IncludeTimestamp/>
                </wsp:Policy>
            </sp:TransportBinding>
            <sp:EndorsingSupportingTokens
                    xmlns:sp="http://schemas.xmlsoap.org/ws/2005/07/securitypolicy">
                <wsp:Policy>
                    <sp:IssuedToken
                            sp:IncludeToken="http://schemas.xmlsoap.org/ws/2005/07/securitypolicy/IncludeToken/AlwaysToRecipient">
                        <Issuer xmlns="http://schemas.xmlsoap.org/ws/2005/07/securitypolicy">
                            <Address xmlns="http://www.w3.org/2005/08/addressing">
                                https://kirillgdev04/Security_Federation_SecurityTokenService_Indigo/Symmetric.svc/Scenario_1_IssuedTokenOverTransport_UsernameOverTransport</Address>
                        </Issuer>
                        <sp:RequestSecurityTokenTemplate>
                            <t:TokenType xmlns:t="http://schemas.xmlsoap.org/ws/2005/02/trust">
                                urn:oasis:names:tc:SAML:1.0:assertion</t:TokenType>
                            <t:KeyType xmlns:t="http://schemas.xmlsoap.org/ws/2005/02/trust">
                                http://schemas.xmlsoap.org/ws/2005/02/trust/SymmetricKey</t:KeyType>
                            <t:KeySize xmlns:t="http://schemas.xmlsoap.org/ws/2005/02/trust">
                                256</t:KeySize>
                        </sp:RequestSecurityTokenTemplate>
                        <wsp:Policy>
                            <sp:RequireInternalReference/>
                        </wsp:Policy>
                    </sp:IssuedToken>
                    <sp:SignedParts>
                        <sp:Header Name="To" Namespace="http://www.w3.org/2005/08/addressing"/>
                    </sp:SignedParts>
                </wsp:Policy>
            </sp:EndorsingSupportingTokens>
            <sp:Wss10 xmlns:sp="http://schemas.xmlsoap.org/ws/2005/07/securitypolicy">
                <wsp:Policy>
                    <sp:MustSupportRefKeyIdentifier/>
                    <sp:MustSupportRefIssuerSerial/>
                </wsp:Policy>
            </sp:Wss10>
            <sp:Trust10 xmlns:sp="http://schemas.xmlsoap.org/ws/2005/07/securitypolicy">
                <wsp:Policy>
                    <sp:MustSupportIssuedTokens/>
                    <sp:RequireClientEntropy/>
                    <sp:RequireServerEntropy/>
                </wsp:Policy>
            </sp:Trust10>
        </wsp:All>
    </wsp:ExactlyOne>
</wsp:Policy>