<Policy PolicyId="REST_XACML_Policy" RuleCombiningAlgId="urn:oasis:names:tc:xacml:1.0:rule-combining-algorithm:first-applicable" xmlns="urn:oasis:names:tc:xacml:2.0:policy:schema:os">
  <Target>
    <Subjects>
      <AnySubject/>
    </Subjects>
    <Resources>
      <Resource>
        <ResourceMatch MatchId="urn:oasis:names:tc:xacml:1.0:function:string-regexp-match">
          <AttributeValue DataType="http://www.w3.org/2001/XMLSchema#string">http://localhost:9766/services/RestService</AttributeValue>
          <ResourceAttributeDesignator AttributeId="urn:oasis:names:tc:xacml:1.0:resource:resource-id" DataType="http://www.w3.org/2001/XMLSchema#string"/>
        </ResourceMatch>
      </Resource>
    </Resources>
    <Actions>
      <AnyAction/>
    </Actions>
  </Target>
  <Rule Effect="Permit" RuleId="admin_allow_rule">
    <Target>
      <Subjects>
        <Subject>
          <SubjectMatch MatchId="urn:oasis:names:tc:xacml:1.0:function:string-equal">
            <AttributeValue DataType="http://www.w3.org/2001/XMLSchema#string">admin</AttributeValue>
            <SubjectAttributeDesignator AttributeId="http://wso2.org/claims/role" DataType="http://www.w3.org/2001/XMLSchema#string"/>
          </SubjectMatch>
        </Subject>
      </Subjects>
    </Target>
    <Condition>
      <Apply FunctionId="urn:oasis:names:tc:xacml:1.0:function:and">
        <Apply FunctionId="urn:oasis:names:tc:xacml:1.0:function:string-at-least-one-member-of">
          <Apply FunctionId="urn:oasis:names:tc:xacml:1.0:function:string-bag">
            <AttributeValue DataType="http://www.w3.org/2001/XMLSchema#string">http://localhost:9766/services/RestService/POST</AttributeValue>
            <AttributeValue DataType="http://www.w3.org/2001/XMLSchema#string">http://localhost:9766/services/RestService/PUT</AttributeValue>
            <AttributeValue DataType="http://www.w3.org/2001/XMLSchema#string">http://localhost:9766/services/RestService/DELETE</AttributeValue>
            <AttributeValue DataType="http://www.w3.org/2001/XMLSchema#string">http://localhost:9766/services/RestService/GET</AttributeValue>
          </Apply>
          <ResourceAttributeDesignator AttributeId="urn:oasis:names:tc:xacml:1.0:resource:resource-id" DataType="http://www.w3.org/2001/XMLSchema#string"/>
        </Apply>
        <Apply FunctionId="urn:oasis:names:tc:xacml:1.0:function:string-at-least-one-member-of">
          <Apply FunctionId="urn:oasis:names:tc:xacml:1.0:function:string-bag">
            <AttributeValue DataType="http://www.w3.org/2001/XMLSchema#string">POST</AttributeValue>
            <AttributeValue DataType="http://www.w3.org/2001/XMLSchema#string">PUT</AttributeValue>
            <AttributeValue DataType="http://www.w3.org/2001/XMLSchema#string">DELETE</AttributeValue>
            <AttributeValue DataType="http://www.w3.org/2001/XMLSchema#string">GET</AttributeValue>
          </Apply>
          <ActionAttributeDesignator AttributeId="urn:oasis:names:tc:xacml:1.0:action:action-id" DataType="http://www.w3.org/2001/XMLSchema#string"/>
        </Apply>
      </Apply>
    </Condition>
  </Rule>
  <Rule Effect="Permit" RuleId="everyone_allow_rule">
    <Target>
      <Subjects>
        <Subject>
          <SubjectMatch MatchId="urn:oasis:names:tc:xacml:1.0:function:string-equal">
            <AttributeValue DataType="http://www.w3.org/2001/XMLSchema#string">everyone</AttributeValue>
            <SubjectAttributeDesignator AttributeId="http://wso2.org/claims/role" DataType="http://www.w3.org/2001/XMLSchema#string"/>
          </SubjectMatch>
        </Subject>
      </Subjects>
    </Target>
    <Condition>
      <Apply FunctionId="urn:oasis:names:tc:xacml:1.0:function:and">
        <Apply FunctionId="urn:oasis:names:tc:xacml:1.0:function:string-at-least-one-member-of">
          <Apply FunctionId="urn:oasis:names:tc:xacml:1.0:function:string-bag">
            <AttributeValue DataType="http://www.w3.org/2001/XMLSchema#string">http://localhost:9766/services/RestService/GET</AttributeValue>
          </Apply>
          <ResourceAttributeDesignator AttributeId="urn:oasis:names:tc:xacml:1.0:resource:resource-id" DataType="http://www.w3.org/2001/XMLSchema#string"/>
        </Apply>
        <Apply FunctionId="urn:oasis:names:tc:xacml:1.0:function:string-at-least-one-member-of">
          <Apply FunctionId="urn:oasis:names:tc:xacml:1.0:function:string-bag">
            <AttributeValue DataType="http://www.w3.org/2001/XMLSchema#string">GET</AttributeValue>
          </Apply>
          <ActionAttributeDesignator AttributeId="urn:oasis:names:tc:xacml:1.0:action:action-id" DataType="http://www.w3.org/2001/XMLSchema#string"/>
        </Apply>
      </Apply>
    </Condition>
  </Rule>
  <Rule Effect="Deny" RuleId="deny-rule"/>
</Policy>
