<?xml version="1.0" encoding="UTF-8"?>
<deploy xmlns="http://www.apache.org/ode/schemas/dd/2007/03" xmlns:SecurePartnerBPEL.bpel="http://SecurePartnerBPEL.bpel" xmlns:SecurePartnerBPELService.wsdl="http://SecurePartnerBPELService.wsdl" xmlns:SecurePartnerService01.wsdl="http://SecurePartnerService01.wsdl"  xmlns:SecurePartnerService02.wsdl="http://SecurePartnerService02.wsdl" xmlns:SecurePartnerService03.wsdl="http://SecurePartnerService03.wsdl"
xmlns:SecurePartnerService04.wsdl="http://SecurePartnerService04.wsdl"
xmlns:SecurePartnerService05.wsdl="http://SecurePartnerService05.wsdl"
xmlns:SecurePartnerService06.wsdl="http://SecurePartnerService06.wsdl"
xmlns:SecurePartnerService07.wsdl="http://SecurePartnerService07.wsdl"
xmlns:SecurePartnerService08.wsdl="http://SecurePartnerService08.wsdl"
xmlns:SecurePartnerService09.wsdl="http://SecurePartnerService09.wsdl"
xmlns:SecurePartnerService10.wsdl="http://SecurePartnerService10.wsdl"
xmlns:SecurePartnerService11.wsdl="http://SecurePartnerService11.wsdl"
xmlns:SecurePartnerService12.wsdl="http://SecurePartnerService12.wsdl"
xmlns:SecurePartnerService13.wsdl="http://SecurePartnerService13.wsdl"
xmlns:SecurePartnerService14.wsdl="http://SecurePartnerService14.wsdl"
xmlns:SecurePartnerService15.wsdl="http://SecurePartnerService15.wsdl">

  <process name="SecurePartnerBPEL.bpel:SecurePartnerBPEL">
    <process-events generate="all"/>
    <provide partnerLink="SecurePartnerBPELPartnerLink">
      <service name="SecurePartnerBPELService.wsdl:SecurePartnerBPELServiceService" port="SecurePartnerBPELServicePort"/>
    </provide>
    <invoke partnerLink="SecurePartnerService01PartnerLink">
      <service name="SecurePartnerService01.wsdl:SecurePartnerService01" port="SecurePartnerService01SOAP11port_http">
        <endpoint xmlns="http://wso2.org/bps/bpel/endpoint/config" endpointReference="SecurePartnerService01.epr">
</endpoint>
</service>
    </invoke>


    <invoke partnerLink="SecurePartnerService02PartnerLink">
      <service name="SecurePartnerService02.wsdl:SecurePartnerService02" port="SecurePartnerService02SOAP11port_http">
	    	<endpoint xmlns="http://wso2.org/bps/bpel/endpoint/config" endpointReference="SecurePartnerService02.epr">
		</endpoint>
</service>
    </invoke>



   <invoke partnerLink="SecurePartnerService03PartnerLink">
     <service name="SecurePartnerService03.wsdl:SecurePartnerService03" port="SecurePartnerService03SOAP11port_http">
	    	<endpoint xmlns="http://wso2.org/bps/bpel/endpoint/config" endpointReference="SecurePartnerService03.epr">
		</endpoint>
</service>
    </invoke>


   <invoke partnerLink="SecurePartnerService14PartnerLink">
      <service name="SecurePartnerService14.wsdl:SecurePartnerService14" port="SecurePartnerService14SOAP11port_http">
        <endpoint xmlns="http://wso2.org/bps/bpel/endpoint/config">
            <enableSec policyLocation="PolicySecurePartnerService14.xml"/>    
        </endpoint>
</service>
    </invoke>



   <invoke partnerLink="SecurePartnerService04PartnerLink">
      <service name="SecurePartnerService04.wsdl:SecurePartnerService04" port="SecurePartnerService04SOAP11port_http">
        <endpoint  xmlns="http://wso2.org/bps/bpel/endpoint/config" endpointReference="SecurePartnerService04.epr">    
        </endpoint>
</service>
    </invoke>



   <invoke partnerLink="SecurePartnerService05PartnerLink">
      <service name="SecurePartnerService05.wsdl:SecurePartnerService05" port="SecurePartnerService05SOAP11port_http">
        <endpoint xmlns="http://wso2.org/bps/bpel/endpoint/config">
            <enableSec policyLocation="PolicySecurePartnerService05.xml"/>    
        </endpoint>
</service>
    </invoke>



   <invoke partnerLink="SecurePartnerService06PartnerLink">
      <service name="SecurePartnerService06.wsdl:SecurePartnerService06" port="SecurePartnerService06SOAP11port_http">
        <endpoint xmlns="http://wso2.org/bps/bpel/endpoint/config">
            <enableSec policyLocation="PolicySecurePartnerService06.xml"/>    
        </endpoint>
</service>
    </invoke>



   <invoke partnerLink="SecurePartnerService07PartnerLink">
      <service name="SecurePartnerService07.wsdl:SecurePartnerService07" port="SecurePartnerService07SOAP11port_http">
        <endpoint  xmlns="http://wso2.org/bps/bpel/endpoint/config">
            <enableSec policyLocation="PolicySecurePartnerService07.xml"/>    
        </endpoint>

</service>
    </invoke>



   <invoke partnerLink="SecurePartnerService08PartnerLink">
      <service name="SecurePartnerService08.wsdl:SecurePartnerService08" port="SecurePartnerService08SOAP11port_http">
       <endpoint xmlns="http://wso2.org/bps/bpel/endpoint/config">
            <enableSec policyLocation="PolicySecurePartnerService08.xml"/>    
        </endpoint>

</service>
    </invoke>


   <invoke partnerLink="SecurePartnerService09PartnerLink">
      <service name="SecurePartnerService09.wsdl:SecurePartnerService09" port="SecurePartnerService09SOAP11port_http">
        <endpoint xmlns="http://wso2.org/bps/bpel/endpoint/config">
            <enableSec policyLocation="PolicySecurePartnerService09.xml"/>    
        </endpoint>
</service>
    </invoke>



   <invoke partnerLink="SecurePartnerService10PartnerLink">
      <service name="SecurePartnerService10.wsdl:SecurePartnerService10" port="SecurePartnerService10SOAP11port_http">
        <endpoint xmlns="http://wso2.org/bps/bpel/endpoint/config">
            <enableSec policyLocation="PolicySecurePartnerService10.xml"/>    
        </endpoint>
</service>
    </invoke>



   <invoke partnerLink="SecurePartnerService11PartnerLink">
      <service name="SecurePartnerService11.wsdl:SecurePartnerService11" port="SecurePartnerService11SOAP11port_http">
        <endpoint xmlns="http://wso2.org/bps/bpel/endpoint/config">
            <enableSec policyLocation="PolicySecurePartnerService11.xml"/>    
        </endpoint>
</service>
    </invoke>



   <invoke partnerLink="SecurePartnerService12PartnerLink">
      <service name="SecurePartnerService12.wsdl:SecurePartnerService12" port="SecurePartnerService12SOAP11port_http">
        <endpoint xmlns="http://wso2.org/bps/bpel/endpoint/config">
            <enableSec policyLocation="PolicySecurePartnerService12.xml"/>    
        </endpoint>

</service>
    </invoke>



   <invoke partnerLink="SecurePartnerService13PartnerLink">
      <service name="SecurePartnerService13.wsdl:SecurePartnerService13" port="SecurePartnerService13SOAP11port_http">
        <endpoint xmlns="http://wso2.org/bps/bpel/endpoint/config">
            <enableSec policyLocation="PolicySecurePartnerService13.xml"/>    
        </endpoint>
</service>
    </invoke>



   <invoke partnerLink="SecurePartnerService15PartnerLink">
      <service name="SecurePartnerService15.wsdl:SecurePartnerService15" port="SecurePartnerService15SOAP11port_http">
        <endpoint  xmlns="http://wso2.org/bps/bpel/endpoint/config" endpointReference="SecurePartnerService15.epr">    
        </endpoint>
</service>
    </invoke>

 
  </process>

</deploy>
