<?xml version="1.0"?>
<beans xmlns:eip="http://servicemix.apache.org/eip/1.0"
       xmlns:b="http://esb.wso2.org/perf/router">

  <eip:content-based-router service="b:Router" endpoint="endpoint">
    <eip:rules>
      <eip:routing-rule>
        <eip:predicate>
          <eip:xpath-predicate xpath="//m0:symbol='IBM'" namespaceContext="#nsContext" />
        </eip:predicate>
        <eip:target>
          <eip:exchange-target service="b:RoutedSimpleStockQuoteService" />
        </eip:target>
      </eip:routing-rule>
    </eip:rules>
  </eip:content-based-router>

  <eip:namespace-context id="nsContext">
    <eip:namespaces>
      <eip:namespace prefix="m0">http://services.samples/xsd</eip:namespace>
    </eip:namespaces>
  </eip:namespace-context>

</beans>
