<?xml version="1.0" encoding="UTF-8"?>
<proxy xmlns="http://ws.apache.org/ns/synapse"
       name="FileSystemToFileSystem"
       transports="vfs"
       startOnLoad="true">
   <target>
      <inSequence>
         <property name="OUT_ONLY" value="true" scope="default" type="STRING"/>
         <property name="transport.vfs.ReplyFileName"
                   expression="get-property('transport','FILE_NAME')"
                   scope="transport"
                   type="STRING"/>
         <log level="full"/>
         <send>
            <endpoint>
               <address uri="vfs:file:///tmp/out"/>
            </endpoint>
         </send>
      </inSequence>
   </target>
   <parameter name="transport.PollInterval">5</parameter>
   <parameter name="transport.vfs.FileURI">/tmp/in</parameter>
   <parameter name="transport.vfs.FileNamePattern">.*\.hl7</parameter>
   <parameter name="transport.vfs.ContentType">application/edi-hl7;charset="iso-8859-15"</parameter>
   <parameter name="transport.hl7.ValidateMessage">false</parameter>
</proxy>
