<?xml version="1.0" encoding="UTF-8"?>
<deploy xmlns="http://www.apache.org/ode/schemas/dd/2007/03" xmlns:wns="http://wso2.org/bps/samples/LoanService" xmlns:dins="http://wso2.org/bps/samples/DILoanService" xmlns:xkns="http://wso2.org/bps/samples/XKLoanService">
  <process name="dins:DILoanService">
    <active>false</active>
    <provide partnerLink="LoanServicePL">
      <service name="wns:DILoanService" port="LoanServicePort"/>
	</provide>
	<invoke partnerLink="LoanServicePL">
		<service name="wns:LoanServiceCallback" port="LoanServiceCallbackPort"/>
    </invoke>

  </process>
  <process name="xkns:XKLoanService">
    <active>true</active>
    <provide partnerLink="XKLoanServicePL">
		<service name="wns:XKLoanService" port="LoanServicePort"/>
	</provide>
	<invoke partnerLink="XKLoanServicePL">
		<service name="wns:LoanServiceCallback" port="LoanServiceCallbackPort"/>
    </invoke>

  </process>
</deploy>

