<!--
  ~ Licensed to the Apache Software Foundation (ASF) under one
  ~ or more contributor license agreements.  See the NOTICE file
  ~ distributed with this work for additional information
  ~ regarding copyright ownership.  The ASF licenses this file
  ~ to you under the Apache License, Version 2.0 (the
  ~ "License"); you may not use this file except in compliance
  ~ with the License.  You may obtain a copy of the License at
  ~
  ~    http://www.apache.org/licenses/LICENSE-2.0
  ~
  ~ Unless required by applicable law or agreed to in writing,
  ~ software distributed under the License is distributed on an
  ~ "AS IS" BASIS, WITHOUT WARRANTIES OR CONDITIONS OF ANY
  ~ KIND, either express or implied.  See the License for the
  ~ specific language governing permissions and limitations
  ~ under the License.
  -->
<deploy xmlns="http://www.apache.org/ode/schemas/dd/2007/03"
	xmlns:pns="http://ode/bpel/unit-test" 
	xmlns:aars="http://www.wso2.org/types"
	xmlns:credit="http://wso2.org/bps/samples/CreditRating"
	xmlns:apprv="http://www.insurance.example.com/claims"
	xmlns:wns="http://ode/bpel/unit-test.wsdl">


	<process name="pns:HelloWorld2">
		<active>true</active>
		<provide partnerLink="helloPartnerLink">
			<service name="wns:HelloService" port="HelloPort"/>
		</provide>
		<!--provide partnerLink="b4pPartnerLink">
			<service name="wns:B4PCallbackService" port="B4PCallbackPort"/>
		</provide-->
		<!--provide partnerLink="b4pPartnerLink">
			<service name="credit:CreditRatingCallbackService" port="CreditRatingCallbackPort"/>
		</provide-->
		<provide partnerLink="b4pPartnerLink">
			<service name="apprv:ClaimServiceCB" port="ClaimPortCB"/>
		</provide>
		<invoke partnerLink="b4pPartnerLink">
			<service name="apprv:ClaimService" port="ClaimPort"/>
		</invoke>
		<invoke partnerLink="b4pNPartnerLink">
			<service name="apprv:ClaimReminderService" port="ClaimReminderPort"/>
		</invoke>
		<!--invoke partnerLink="b4pPartnerLink">
			<service name="credit:CreditRatingService" port="CreditRatingPort"/>
		</invoke-->
	</process>
</deploy>
