<?xml version="1.0" encoding="UTF-8"?>
<deploy xmlns="http://www.apache.org/ode/schemas/dd/2007/03" xmlns:FunctionProcess.bpel="http://FunctionProcess.bpel" xmlns:FunctionProcessService.wsdl="http://FunctionProcessService.wsdl" xmlns:AdderService.wsdl="http://AdderService.wsdl" xmlns:MultiplierService.wsdl="http://MultiplierService.wsdl" xmlns:SquareService.wsdl="http://SquareService.wsdl">

  <process name="FunctionProcess.bpel:FunctionProcess">
    <!--process-events generate="all"/-->
<in-memory>false</in-memory>

		<active>true</active>
    <provide partnerLink="FunctionProcessPartnerLink">
      <service name="FunctionProcessService.wsdl:FunctionProcessServiceService" port="FunctionProcessServicePort"/>
    </provide>
    <invoke partnerLink="SquarePartnerLink">
      <service name="SquareService.wsdl:SquareService" port="SquareServiceJmsSoap11Endpoint"/>
   <!--service name="SquareService.wsdl:SquareService" port="SquareServiceSOAP11port_http"/-->


    </invoke>
    <invoke partnerLink="MultiplierPartnerLink">
      <service name="MultiplierService.wsdl:MultiplierService" port="MultiplierServiceJmsSoap11Endpoint"/>
  <!--service name="MultiplierService.wsdl:MultiplierService" port="MultiplierServiceSOAP11port_http"/-->
    </invoke>
    <invoke partnerLink="AdderPartnerLink">
      <service name="AdderService.wsdl:AdderService" port="AdderServiceJmsSoap11Endpoint"/>
     <!--service name="AdderService.wsdl:AdderService" port="AdderServiceSOAP11port_http"/-->

    </invoke>
  </process>

</deploy>
