<?xml version="1.0" encoding="UTF-8"?>
<beans xmlns="http://www.springframework.org/schema/beans"
	xmlns:xsi="http://www.w3.org/2001/XMLSchema-instance"
	xmlns:faces="http://www.springframework.org/schema/faces"
	xsi:schemaLocation="
		http://www.springframework.org/schema/beans http://www.springframework.org/schema/beans/spring-beans-3.0.xsd
		http://www.springframework.org/schema/faces http://www.springframework.org/schema/faces/spring-faces-2.4.xsd">

	<faces:resources />

	<!-- Maps request paths to flows in the flowRegistry; e.g. a path of /hotels/booking looks for a flow with id "hotels/booking" -->
	<bean class="org.springframework.webflow.mvc.servlet.FlowHandlerMapping">
		<property name="order" value="1"/>
		<property name="flowRegistry" ref="flowRegistry" />
		<property name="defaultHandler">
			<!-- If no flow match, map path to a view to render; e.g. the "/intro" path would map to the view named "intro" -->	
			<bean class="org.springframework.web.servlet.mvc.UrlFilenameViewController" />
		</property>
	</bean>

	<!-- Maps logical view names to Facelet templates in /WEB-INF (e.g. 'search' to '/WEB-INF/search.xhtml' -->
	<bean id="faceletsViewResolver" class="org.springframework.web.servlet.view.UrlBasedViewResolver">
		<property name="viewClass" value="org.springframework.faces.mvc.JsfView"/>
		<property name="prefix" value="/WEB-INF/" />
		<property name="suffix" value=".xhtml" />
	</bean>

	<!-- Dispatches requests mapped to org.springframework.web.servlet.mvc.Controller implementations -->
	<bean class="org.springframework.web.servlet.mvc.SimpleControllerHandlerAdapter" />

	<!-- Dispatches requests mapped to flows to FlowHandler implementations -->
	<bean class="org.springframework.faces.webflow.JsfFlowHandlerAdapter">
		<property name="flowExecutor" ref="flowExecutor" />
	</bean>

</beans>
