<?xml version="1.0" encoding="UTF-8"?>
<!--
  ~ Licensed to the Apache Software Foundation (ASF) under one
  ~ or more contributor license agreements.  See the NOTICE file
  ~ distributed with this work for additional information
  ~ regarding copyright ownership.  The ASF licenses this file
  ~ to you under the Apache License, Version 2.0 (the
  ~ "License"); you may not use this file except in compliance
  ~ with the License.  You may obtain a copy of the License at
  ~
  ~    http://www.apache.org/licenses/LICENSE-2.0
  ~
  ~ Unless required by applicable law or agreed to in writing,
  ~ software distributed under the License is distributed on an
  ~ "AS IS" BASIS, WITHOUT WARRANTIES OR CONDITIONS OF ANY
  ~ KIND, either express or implied.  See the License for the
  ~ specific language governing permissions and limitations
  ~ under the License.
  -->
<deploy xmlns="http://www.apache.org/ode/schemas/dd/2007/03"
	xmlns:pns="http://ode/bpel/unit-test" 
	xmlns:wns="http://ode/bpel/unit-test.wsdl"
    xmlns:xvar="http://ode.apache.org/externalVariables"
    xmlns:jdbc="http://ode.apache.org/externalVariables/jdbc" >

	<process name="pns:HelloWorld2">
		<active>true</active>
		<provide partnerLink="helloPartnerLink">
			<service name="wns:HelloService" port="HelloPort"/>
		</provide>
		
		<xvar:externalVariable id="evar1" >
			<jdbc:jdbc>				       
				<!--jdbc:datasource-ref>testsd</jdbc:datasource-ref-->
			<jdbc:datasource-jndi>testds</jdbc:datasource-jndi>

				<jdbc:table>extvartable1</jdbc:table>
				<jdbc:column name="pid" column-name="name" key="yes" generator="pid" />      
				<jdbc:column name="id1"/>      
				<jdbc:column name="cts" generator="ctimestamp" />
				<jdbc:column name="uts" generator="utimestamp" />
				<jdbc:column name="foo"/>      
			</jdbc:jdbc>			
		</xvar:externalVariable>
		
	</process>
</deploy>

