<?xml version="1.0" encoding="UTF-8"?>
<localEntry xmlns="http://ws.apache.org/ns/synapse" key="xslt_transform">
   <xsl:stylesheet xmlns:xsl="http://www.w3.org/1999/XSL/Transform"
                   xmlns:m0="http://services.samples/xsd"
                   version="2.0">
      <xsl:output method="xml"
                  omit-xml-declaration="yes"
                  indent="no"
                  exclude-result-prefixes="m0"/>
      <xsl:template match="m0:skcotSyub">
         <m:buyStocks xmlns:m="http://services.samples/xsd">
            <xsl:for-each select="redro">
               <order>
                  <symbol>
                     <xsl:value-of select="lobmys"/>
                  </symbol>
                  <buyerID>
                     <xsl:value-of select="DIreyub"/>
                  </buyerID>
                  <price>
                     <xsl:value-of select="ecirp"/>
                  </price>
                  <volume>
                     <xsl:value-of select="emulov"/>
                  </volume>
               </order>
            </xsl:for-each>
         </m:buyStocks>
      </xsl:template>
   </xsl:stylesheet>
   <description/>
</localEntry>
