<?xml version="1.0" encoding="UTF-8"?>
<localEntry xmlns="http://ws.apache.org/ns/synapse" key="xslt_transform_reverse">
   <xsl:stylesheet xmlns:xsl="http://www.w3.org/1999/XSL/Transform"
                   xmlns:soapenv="http://schemas.xmlsoap.org/soap/envelope/"
                   xmlns:m0="http://services.samples/xsd"
                   version="2.0">
      <xsl:output method="xml"
                  omit-xml-declaration="yes"
                  indent="no"
                  exclude-result-prefixes="m0"/>
      <xsl:template match="m0:buyStocks">
         <m:skcotSyub xmlns:m="http://services.samples/xsd">
            <xsl:for-each select="order">
               <redro>
                  <lobmys>
                     <xsl:value-of select="symbol"/>
                  </lobmys>
                  <DIreyub>
                     <xsl:value-of select="buyerID"/>
                  </DIreyub>
                  <ecirp>
                     <xsl:value-of select="price"/>
                  </ecirp>
                  <emulov>
                     <xsl:value-of select="volume"/>
                  </emulov>
               </redro>
            </xsl:for-each>
         </m:skcotSyub>
      </xsl:template>
      <xsl:template match="soapenv:Header"/>
   </xsl:stylesheet>
   <description/>
</localEntry>
