<?xml version="1.0"?>
<HL7v2xConformanceProfile HL7Version="2.4" ProfileType="HL7">
  <MetaData Name="update person information" OrgName="UHN" Version="HL7 2.4" Status="" Topics="confsig-UHN-2.4-profile-accNE_accAL-Deferred"/>
  <Encodings>
    <Encoding>ER7</Encoding>
  </Encodings>
  <DynamicDef AccAck="NE" AppAck="AL" MsgAckMode="Deferred"/>
  <HL7v2xStaticDef MsgType="ADT" EventType="A31" MsgStructID="ADT_A05" EventDesc="update person information" Role="Sender">
    <MetaData Name="update person information" OrgName="UHN" Version="HL7 2.4" Status="" Topics="confsig-UHN-2.4-static-ADT-A31-null-ADT_A05-HL7 2.4--Sender"/>
    <Segment Name="MSH" LongName="Message Header" Usage="R" Min="1" Max="1">
      <Field Name="Field Separator" Usage="R" Min="1" Max="1" Datatype="ST" Length="1" ConstantValue="|" ItemNo="00001">
        <Reference>2.16.9.1</Reference>
        <DataValues ExValue="|"/>
      </Field>
      <Field Name="Encoding Characters" Usage="R" Min="1" Max="1" Datatype="ST" Length="4" ConstantValue="^~\&amp;" ItemNo="00002">
        <Reference>2.16.9.2</Reference>
        <DataValues ExValue="^~\&amp;"/>
      </Field>
      <Field Name="Sending Application" Usage="R" Min="1" Max="1" Datatype="HD" Length="180" ItemNo="00003">
        <Reference>2.16.9.3</Reference>
        <Component Name="namespace ID" Usage="R" Datatype="IS" Length="15" Table="0361">
				</Component>
        <Component Name="universal ID" Usage="X" Datatype="ST" Length="3">
				</Component>
        <Component Name="universal ID type" Usage="X" Datatype="ID" Length="3" Table="0301">
				</Component>
      </Field>
      <Field Name="Sending Facility" Usage="R" Min="1" Max="1" Datatype="HD" Length="180" ItemNo="00004">
        <Reference>2.16.9.4</Reference>
        <Component Name="namespace ID" Usage="R" Datatype="IS" Length="15" Table="0362">
				</Component>
        <Component Name="universal ID" Usage="X" Datatype="ST" Length="3">
				</Component>
        <Component Name="universal ID type" Usage="X" Datatype="ID" Length="3" Table="0301">
				</Component>
      </Field>
      <Field Name="Receiving Application" Usage="R" Min="1" Max="1" Datatype="HD" Length="180" ItemNo="00005">
        <Reference>2.16.9.5</Reference>
        <Component Name="namespace ID" Usage="R" Datatype="IS" Length="15" Table="0361">
				</Component>
        <Component Name="universal ID" Usage="X" Datatype="ST" Length="3">
				</Component>
        <Component Name="universal ID type" Usage="X" Datatype="ID" Length="3" Table="0301">
				</Component>
      </Field>
      <Field Name="Receiving Facility" Usage="R" Min="1" Max="1" Datatype="HD" Length="180" ItemNo="00006">
        <Reference>2.16.9.6</Reference>
        <Component Name="namespace ID" Usage="R" Datatype="IS" Length="15" Table="0362" ConstantValue="3910">
          <DataValues ExValue="3910"/>
        </Component>
        <Component Name="universal ID" Usage="X" Datatype="ST" Length="3">
				</Component>
        <Component Name="universal ID type" Usage="X" Datatype="ID" Length="3" Table="0301">
				</Component>
      </Field>
      <Field Name="Security" Usage="X" Min="0" Max="*" Datatype="ST" Length="40" ItemNo="00007">
        <Reference>2.16.9.8</Reference>
      </Field>
      <Field Name="Security" Usage="X" Min="0" Max="*" Datatype="ST" Length="40" ItemNo="00008">
        <Reference>2.16.9.8</Reference>
      </Field>
      <Field Name="Message Type" Usage="R" Min="1" Max="1" Datatype="MSG" Length="15" ItemNo="00009">
        <Reference>2.16.9.9</Reference>
        <Component Name="message type" Usage="R" Datatype="ID" Length="3" Table="0076" ConstantValue="ADT">
          <DataValues ExValue="ADT"/>
        </Component>
        <Component Name="trigger event" Usage="R" Datatype="ID" Length="3" Table="0003" ConstantValue="A31">
          <DataValues ExValue="A31"/>
        </Component>
        <Component Name="message structure" Usage="R" Datatype="ID" Length="10" Table="0354" ConstantValue="ADT_A05">
          <DataValues ExValue="ADT_A05"/>
        </Component>
      </Field>
      <Field Name="Message Control ID" Usage="R" Min="1" Max="1" Datatype="ST" Length="100" ItemNo="00010">
        <Reference>2.16.9.10</Reference>
      </Field>
      <Field Name="Processing ID" Usage="R" Min="1" Max="1" Datatype="PT" Length="3" ItemNo="00011">
        <Reference>2.16.9.11</Reference>
        <Component Name="processing mode" Usage="R" Datatype="ID" Length="3" Table="0207" ConstantValue="T">
          <DataValues ExValue="T"/>
        </Component>
      </Field>
      <Field Name="Version ID" Usage="R" Min="1" Max="1" Datatype="VID" Length="60" Table="0104" ItemNo="00012">
        <Reference>2.16.9.12</Reference>
        <Component Name="version ID" Usage="R" Datatype="ID" Length="3" Table="0104" ConstantValue="2.4">
          <DataValues ExValue="2.4"/>
        </Component>
        <Component Name="internationalization code" Usage="X" Datatype="CE">
          <SubComponent Name="identifier" Usage="O" Datatype="ST">
					</SubComponent>
          <SubComponent Name="text" Usage="O" Datatype="ST" Length="3">
					</SubComponent>
          <SubComponent Name="name of coding system" Usage="O" Datatype="IS" Length="3" Table="0396">
					</SubComponent>
          <SubComponent Name="alternate identifier" Usage="O" Datatype="ST" Length="3">
					</SubComponent>
          <SubComponent Name="alternate text" Usage="O" Datatype="ST" Length="3">
					</SubComponent>
          <SubComponent Name="name of alternate coding system" Usage="O" Datatype="IS" Length="3" Table="0396">
					</SubComponent>
        </Component>
        <Component Name="international version ID" Usage="X" Datatype="CE">
          <SubComponent Name="identifier" Usage="O" Datatype="ST">
					</SubComponent>
          <SubComponent Name="text" Usage="O" Datatype="ST" Length="3">
					</SubComponent>
          <SubComponent Name="name of coding system" Usage="O" Datatype="IS" Length="3" Table="0396">
					</SubComponent>
          <SubComponent Name="alternate identifier" Usage="O" Datatype="ST" Length="3">
					</SubComponent>
          <SubComponent Name="alternate text" Usage="O" Datatype="ST" Length="3">
					</SubComponent>
          <SubComponent Name="name of alternate coding system" Usage="O" Datatype="IS" Length="3" Table="0396">
					</SubComponent>
        </Component>
      </Field>
    </Segment>
  </HL7v2xStaticDef>
</HL7v2xConformanceProfile>
