<?xml version="1.0" encoding="UTF-8"?>
<Module>
<ModulePrefs title="Query Publisher">
<Require feature="pubsub"/>
</ModulePrefs>
	<Content type="html">
		<![CDATA[
			<script>
				function publish() {
		  			var message = document.getElementById("qu	ery").value;
		  			gadgets.pubsub.publish("search-query", message);
		  			document.getElementById("output").innerHTML = "Postal Code in search : '" + message + "'.";		  			
				}		
			</script>
			
			<div>
				<input id="query" type="text" value=""/>
				<input type="button" value="Search" onclick="publish()"/>
				<img src="http://t3.gstatic.com/images?q=tbn:yCmjWqg4-2Y5LM:http://ctemissions.com/testsite1/images/sub_search_icon.gif" border="0" align="left">
			</div>
			
			<div id="output"></div>
		]]>
	</Content>
</Module>
