<?xml version="1.0" encoding="UTF-8" ?>
<Module>
  <ModulePrefs title="Register for voteing" scrolling="true">
  	        <Require feature="dynamic-height"/>
  	        <Require feature="pubsub"/>
  </ModulePrefs>
  <Content type="html">
    <![CDATA[
    <script src="http://localhost:9763/services/admin/queryService?stub"
            type="text/javascript"></script>
    <script src="http://localhost:9763/carbon/admin/js/WSRequest.js"
            type="text/javascript"></script>
    
    <div id="form_div">
	   	<table width="100%" border="0" cellspacing="0" cellpadding="0">
		  <tr>
		    <td><a href="http://www.amazon.com" target="_blank"><img src="http://www.webster.uk.net/CommunitySupport/FocusOnCrimeAndSafety/Images/Images/Direct%20Gov.gif" width="100" height="100" border="0" align="left"></a>
		      <table border="0" cellpadding="0" cellspacing="0" height="46">
		        <form name="queryForm" action="" onsubmit="search(this); return false;" method="get">
		          <tr>
		            <td width="95%">
		              <input type="text" id="query" name="query" style="width:98%" maxlength="100" value=""></td>
		            <td align=left>
		              <input type="submit" value="Search" name="submit">
		            </td>
		          </tr>
		        </form>
		      </table>
		    </td>
		  </tr>
		</table>
	</div>
    <div id="content_div"></div>
    <script type="text/javascript">
		// get prefs
		var prefs = new gadgets.Prefs();
		var itemCount = prefs.getString("item_count");
		var description = prefs.getBool("mychoice");
		var moreUrl;
		_IG_AdjustIFrameHeight();
		
		function callService(url){
			admin_queryService.search.callback = function (myResult) { 
				//return myResult;
				response(myResult); 
			}
		    	admin_queryService.search.onError = function (myResult) { alert("error"); }
		    	admin_queryService.proxyAddress = 'http://localhost:9763/carbon/admin/jsp/WSRequestXSSproxy_ajaxprocessor.jsp'; 		
		    	admin_queryService.search(url);
		}
		
		// Callback to handle messages received from channel.
		function callback(sender, message) {
  			document.getElementById("query").value = gadgets.util.escapeString(message + "")
    			search(document.queryForm);
		}

		// Function to subscribe to the channel. Registered to be executed at Gadget load.
		function subscribe() {
  			gadgets.pubsub.subscribe("search-query", callback);
		}
		
		function search(form){
			document.getElementById('content_div').innerHTML = "<div style=\"margin-top: 10px; margin-left: 200px;\">loading...</div>";
			_IG_AdjustIFrameHeight();
		    	var searchUrl = "http://local.direct.gov.uk/LDGRedirect/LocationSearch.do?LGSL=364&searchtype=1&LGIL=8&Style=&formsub=t&text=";
			for (var i = 0; i < form.elements.length; i++) {
		        	var e = form.elements[i];
		        	if ((e.name === "query")) {		            
		          		searchUrl += e.value;					
		        	}
		    	}
		    makeDOMRequest(searchUrl);
		};
		
		function makeDOMRequest(serviceEP){
		    var params = {};
		    params[gadgets.io.RequestParameters.CONTENT_TYPE] = gadgets.io.ContentType.DOM;
		    var url = serviceEP;
		    var result = callService(url);

		};
		
		function response(obj){
			//alert(obj);
			var html = '';
			for(var c=0; c<obj.length; c++){
				html += '<br/><a href="' + obj[c].attributes[0].value + '" target="_blank">' + obj[c].textContent + '</a><br/>';
			}
			document.getElementById('content_div').innerHTML =  html;
			_IG_AdjustIFrameHeight();
		}
		gadgets.util.registerOnLoadHandler(subscribe);
	</script>

    ]]>
  </Content>
</Module>
