<?xml version="1.0" encoding="UTF-8"?>
<proxy xmlns="http://ws.apache.org/ns/synapse"
       name="HL7ToBAM_MESSTRACE"
       transports="hl7"
       startOnLoad="true"
       trace="disable">
   <description/>
   <target>
      <inSequence>
         <log level="full"/>
         <property name="HL7_RESULT_MODE" value="ACK" scope="axis2"/>
         <property name="OUT_ONLY" value="true"/>
         <property name="transport.vfs.ReplyFileName"
                   expression="fn:concat(get-property('SYSTEM_DATE', 'yyyyMMdd.HHmmssSSS'), '.xml')"
                   scope="transport"/>
         <property name="messageType" value="application/edi-hl7" scope="axis2"/>
         <send>
            <endpoint>
               <address uri="vfs:file:///tmp/out"/>
            </endpoint>
         </send>
      </inSequence>
   </target>
   <parameter name="transport.hl7.AutoAck">false</parameter>
   <parameter name="transport.hl7.maxPoolSize">50</parameter>
   <parameter name="transport.hl7.BuildInvalidMessages">true</parameter>
   <parameter name="transport.hl7.corePoolSize">10</parameter>
   <parameter name="transport.hl7.PassThroughInvalidMessages">false</parameter>
   <parameter name="ScenarioID">scenario1</parameter>
   <parameter name="transport.hl7.Port">55555</parameter>
   <parameter name="transport.hl7.idleThreadKeepAlive">100</parameter>
   <parameter name="transport.hl7.ValidateMessage">false</parameter>
</proxy>
