<?xml version="1.0" encoding="UTF-8"?>
<proxy xmlns="http://ws.apache.org/ns/synapse"
       name="HL7ToBAMTB"
       transports="hl7"
       startOnLoad="true"
       trace="disable">
   <description/>
   <target>
      <inSequence>
         <log level="custom">
            <property name="HL7ServerProxy" value="HL7ServerProxy"/>
         </log>
         <log level="full"/>
         <send>
            <endpoint name="endpoint_urn_uuid_9CB8D06C91A1E996796270828144799-1418795938">
               <address uri="hl7://localhost:9988"/>
            </endpoint>
         </send>
      </inSequence>
      <outSequence>
         <log level="full"/>
         <send/>
      </outSequence>
   </target>
   <parameter name="transport.hl7.PublisherServerUsername">admin</parameter>
   <parameter name="transport.hl7.PublisherServerPassword">admin</parameter>
   <parameter name="transport.hl7.AutoAck">false</parameter>
   <parameter name="transport.hl7.PublisherEnable">true</parameter>
   <parameter name="transport.hl7.PublisherServerUrl">tcp://10.100.0.94:7611</parameter>
   <parameter name="transport.hl7.Port">55555</parameter>
   <parameter name="transport.hl7.ValidateMessage">true</parameter>
</proxy>
