<api xmlns="http://ws.apache.org/ns/synapse" name="ESBAPI" context="/esb">
   <resource methods="POST">
      <inSequence>
         <log></log>
         <property name="uri.var.servicename" value="customers" scope="default" type="STRING"></property>
         <property name="custName" expression="//Customer/name" scope="default" type="STRING"></property>
         <payloadFactory media-type="xml">
            <format>
               <Customer xmlns="">
                  <name>$1</name>
               </Customer>
            </format>
            <args>
               <arg evaluator="xml" expression="get-property("custName")"></arg>
            </args>
         </payloadFactory>
         <send>
            <endpoint>
               <http method="post" uri-template="http://10.100.0.19:9784/jaxrs_basic/services/customers/customerservice/{uri.var.servicename}"></http>
            </endpoint>
         </send>
         <log level="full">
            <property name="CustName" expression="get-property("custName")"></property>
         </log>
      </inSequence>
      <outSequence>
         <log></log>
         <send></send>
      </outSequence>
   </resource>
</api>
             
