<?xml version="1.0" encoding="UTF-8"?>
<beans xmlns="http://www.springframework.org/schema/beans"
       xmlns:xsi="http://www.w3.org/2001/XMLSchema-instance"
       xmlns:security="http://www.springframework.org/schema/security"
       xsi:schemaLocation="
           http://www.springframework.org/schema/beans
           http://www.springframework.org/schema/beans/spring-beans-3.2.xsd
           http://www.springframework.org/schema/security
           http://www.springframework.org/schema/security/spring-security-3.1.xsd">

	<!-- 
		Configure Spring Security 
	-->
	<security:http auto-config="true"/>

	<!--
		Define local authentication provider, a real app would use an external provider (JDBC, LDAP, CAS, etc)
		
		usernames/passwords are:
			keith/melbourne
			rossen/london
	-->
	<security:authentication-manager>
		<security:authentication-provider>
			<security:password-encoder hash="md5" />
			<security:user-service>
				<security:user name="keith" password="417c7382b16c395bc25b5da1398cf076" 
					authorities="ROLE_USER, ROLE_APPLE_USER" />
				<security:user name="rossen" password="bc180dbc583491c00f8a1cd134f7517b" 
					authorities="ROLE_USER, ROLE_ANDROID_USER" />
			</security:user-service>
		</security:authentication-provider>
	</security:authentication-manager>	

</beans>