<!--
  ~ Licensed to the Apache Software Foundation (ASF) under one
  ~ or more contributor license agreements.  See the NOTICE file
  ~ distributed with this work for additional information
  ~ regarding copyright ownership.  The ASF licenses this file
  ~ to you under the Apache License, Version 2.0 (the
  ~ "License"); you may not use this file except in compliance
  ~ with the License.  You may obtain a copy of the License at
  ~
  ~    http://www.apache.org/licenses/LICENSE-2.0
  ~
  ~ Unless required by applicable law or agreed to in writing,
  ~ software distributed under the License is distributed on an
  ~ "AS IS" BASIS, WITHOUT WARRANTIES OR CONDITIONS OF ANY
  ~ KIND, either express or implied.  See the License for the
  ~ specific language governing permissions and limitations
  ~ under the License.
  -->
<deploy xmlns="http://www.apache.org/ode/schemas/dd/2007/03"
	xmlns:pns="http://ode/bpel/unit-test" 
	xmlns:wns="http://ode/bpel/unit-test.wsdl"
	xmlns:FunctionProcess.bpel="http://FunctionProcess.bpel" 
	xmlns:FunctionProcessService.wsdl="http://FunctionProcessService.wsdl" 
	xmlns:AdderService.wsdl="http://AdderService.wsdl" 
	xmlns:MultiplierService.wsdl="http://MultiplierService.wsdl" 
	xmlns:SquareService.wsdl="http://SquareService.wsdl">
	<process name="pns:HelloWorld2">
		<active>true</active>
		<in-memory>true</in-memory>

		<invoke partnerLink="FunctionProcessPartnerLink">
			<service name="FunctionProcessService.wsdl:FunctionProcessServiceService" port="FunctionProcessServicePort"/>
		</invoke>
		
		<invoke partnerLink="SquarePartnerLink">
   			<service name="SquareService.wsdl:SquareService" port="SquareServiceHttpSoap11Endpoint"/>
		</invoke>

    		<invoke partnerLink="MultiplierPartnerLink">
  			<service name="MultiplierService.wsdl:MultiplierService" port="MultiplierServiceHttpSoap11Endpoint"/>
    		</invoke>

    		<invoke partnerLink="AdderPartnerLink">
     			<service name="AdderService.wsdl:AdderService" port="AdderServiceHttpSoap11Endpoint"/>
   		 </invoke>

		<provide partnerLink="helloPartnerLink">
			<service name="wns:HelloService" port="HelloPort"/>
		</provide>
	</process>
</deploy>
